,Cell names,p_vals
0,Fib_0 x Myofib,2.2206786211443954e-06
1,Fib_0 x Fib_0,3.3883283280343663e-06
2,Myofib x SPP1_Macrophages,6.6064224806483e-05
