,Cell name,Expression pattern,Slope,Fitted function,Intercept,Treat,Treat2,adjusted P-value,R-squared,mod_rsquared_adj
0,Myofib x Venous_Endo,linear down quadratic up,0.008421321850298914,linear_quadratic,0.004268293100307265,-0.010872168105347642,0.010492864238426733,0.0001307279502378252,0.6636312533429813,0.8318156266714907
1,Arterial_Endo x Myofib,quadratic up,0.003884557898889,quadratic,0.0032156577863183206,0.002112636892187634,nan,0.00014293552260671998,0.567098379065148,0.7835491895325741
2,Lymphatic_Endo x Venous_Endo,linear down quadratic up,0.0014202322963802287,linear_quadratic,0.00040596046551712086,-0.0017433086560118029,0.0017205080989734494,0.0001926239008238583,0.5565021406390913,0.7782510703195458
3,Fib_0 x Venous_Endo,quadratic up,0.007094176577884277,quadratic,0.003771383333159719,0.003858204600945248,nan,0.00016867329160977362,0.5493821826815347,0.7746910913407674
