,Cell name,Expression pattern,Slope,Fitted function,Intercept,Treat,Treat2,adjusted P-value,R-squared,mod_rsquared_adj
0,Lymphatic_Endo x Venous_Endo,linear down quadratic up,0.00015161364271318377,linear_quadratic,0.0008172702819365418,-0.00023772984553687763,1.692797775000267e-05,0.004913112452300593,0.5542568712128004,0.7771284356064002
1,Venous_Endo x perivascular_fibroblasts,linear down quadratic up,0.00011678749505601081,linear_quadratic,0.0005616961677312022,-0.00017516149556035952,1.2693434374624798e-05,0.008811304450298088,0.43302406802333027,0.7165120340116651
2,Lymphatic_Endo x SPP1_Macrophages,quadratic up,7.696403757118553e-05,quadratic,-5.086598860441294e-05,3.346262503095023e-06,nan,0.015893674056488907,0.3071663683319762,0.6535831841659882
3,LYVE_PLTP_Macrophages x Lymphatic_Endo,linear down quadratic up,9.258253215452237e-05,linear_quadratic,0.0006439584872317183,-0.00016413386674570633,1.116158256087951e-05,0.019741747923064087,0.2882900610656055,0.6441450305328027
4,Lymphatic_Endo x perivascular_fibroblasts,quadratic up,3.392501860410839e-05,quadratic,-3.6429266999854504e-05,1.475000808874278e-06,nan,0.015893674056488907,0.28804807886203165,0.6440240394310158
